date,url,status,size,title
2013-09-13,https://www.cbr.ru/press/pr/?file=130913_1350427l.htm,ok,41387,О системе процентных инструментов денежно-кредитной политики Банка России | Банк России
2014-03-03,https://www.cbr.ru/press/pr/?file=03032014_10262903_03.htm,cached,35346,О ключевой ставке Банка России | Банк России
2014-04-25,https://www.cbr.ru/press/pr/?file=25042014_1330501.htm,cached,42749,О ключевой ставке Банка России | Банк России
2014-07-25,https://www.cbr.ru/press/pr/?file=25072014_133011dkp2014-07-25t13_00_55.htm,cached,42386,О ключевой ставке Банка России | Банк России
2014-10-31,https://www.cbr.ru/press/pr/?file=31102014_133027dkp2014-10-31t13_15_16.htm,ok,44010,О ключевой ставке Банка России | Банк России
2014-12-11,https://www.cbr.ru/press/pr/?file=11122014_133014dkp2014-12-11t13_08_33.htm,ok,44788,О ключевой ставке Банка России | Банк России
2014-12-16,https://www.cbr.ru/press/pr/?file=16122014_004533dkp2014-12-16t00_39_23.htm,cached,34556,О ключевой ставке Банка России и других мерах Банка России | Банк России
2015-01-30,https://www.cbr.ru/press/pr/?file=30012015_133122dkp2015-01-30t13_15_49.htm,cached,40392,О ключевой ставке Банка России | Банк России
2015-03-13,https://www.cbr.ru/press/pr/?file=13032015_133031dkp2015-03-13t13_20_49.htm,cached,41733,О ключевой ставке Банка России | Банк России
2015-04-30,https://www.cbr.ru/press/pr/?file=30042015_133103dkp2015-04-30t13_05_21.htm,cached,41956,О ключевой ставке Банка России | Банк России
2015-06-15,https://www.cbr.ru/press/pr/?file=15062015_133028keyrate2015-06-15t13_25_44.htm,cached,42937,О ключевой ставке Банка России | Банк России
2015-07-31,https://www.cbr.ru/press/pr/?file=31072015_133033keyrate2015-07-31t13_03_35.htm,cached,42774,О ключевой ставке Банка России | Банк России
2015-09-11,https://www.cbr.ru/press/pr/?file=11092015_133021keyrate2015-09-11t13_01_35.htm,cached,44184,О ключевой ставке Банка России | Банк России
2015-10-30,https://www.cbr.ru/press/pr/?file=30102015_133001keyrate2015-10-30t13_17_50.htm,cached,41492,О ключевой ставке Банка России | Банк России
2015-12-11,https://www.cbr.ru/press/pr/?file=11122015_133000keyrate2015-12-11t13_15_16.htm,cached,44981,"Банк России сохранил ключевую ставку на уровне 11,00% годовых | Банк России"
2016-01-29,https://www.cbr.ru/press/pr/?file=29012016_133000keyrate2016-01-29t13_01_16.htm,cached,40884,"Банк России сохранил ключевую ставку на уровне 11,00% годовых | Банк России"
2016-03-18,https://www.cbr.ru/press/pr/?file=18032016_133000keyrate2016-03-18t13_21_21.htm,cached,42934,"Банк России сохранил ключевую ставку на уровне 11,00% годовых | Банк России"
2016-04-29,https://www.cbr.ru/press/pr/?file=29042016_133001dkp2016-04-29t13_03_28.htm,cached,40987,"Банк России принял решение сохранить ключевую ставку на уровне 11,00% годовых | Банк России"
2016-06-10,https://www.cbr.ru/press/pr/?file=10062016_133019dkp2016-06-10t13_22_24.htm,cached,42725,"Банк России принял решение снизить ключевую ставку до 10,50% годовых | Банк России"
2016-07-29,https://www.cbr.ru/press/pr/?file=29072016_133016keyrate2016-07-29t13_25_34.htm,cached,42513,"Банк России принял решение сохранить ключевую ставку на уровне 10,50% годовых | Банк России"
2016-09-16,https://www.cbr.ru/press/pr/?file=16092016_132949keyrate2016-09-16t12_56_02.htm,cached,44540,"Банк России принял решение снизить ключевую ставку до 10,00% годовых | Банк России"
2016-10-28,https://www.cbr.ru/press/pr/?file=28102016_133004keyrate2016-10-28t13_09_02.htm,cached,46126,"Банк России принял решение сохранить ключевую ставку на уровне 10,00% годовых | Банк России"
2016-12-16,https://www.cbr.ru/press/pr/?file=16122016_133003keyrate2016-12-16t13_16_40.htm,cached,44860,"Банк России принял решение сохранить ключевую ставку на уровне 10,00% годовых | Банк России"
2017-02-03,https://www.cbr.ru/press/pr/?file=03022017_133002keyrate2017-02-03t13_09_54.htm,cached,45339,"Банк России принял решение сохранить ключевую ставку на уровне 10,00% годовых | Банк России"
2017-03-24,https://www.cbr.ru/press/pr/?file=24032017_132958keyrate2017-03-24t13_25_44.htm,cached,46769,"Банк России принял решение снизить ключевую ставку до 9,75% годовых | Банк России"
2017-04-28,https://www.cbr.ru/press/pr/?file=28042017_132959keyrate2017-04-28t13_17_20.htm,cached,45988,"Банк России принял решение снизить ключевую ставку до 9,25% годовых | Банк России"
2017-06-16,https://www.cbr.ru/press/pr/?file=16062017_133001keyrate2017-06-16t13_21_27.htm,cached,45323,"Банк России принял решение снизить ключевую ставку до 9,00% годовых | Банк России"
2017-07-28,https://www.cbr.ru/press/pr/?file=28072017_133214keyrate2017-07-28t13_23_30.htm,cached,44927,"Банк России принял решение сохранить ключевую ставку на уровне 9,00% годовых | Банк России"
2017-09-15,https://www.cbr.ru/press/pr/?file=15092017_1330140keyrate2017-09-15t13_22_03.htm,cached,45161,"Банк России принял решение снизить ключевую ставку на 50 б.п., до 8,50% годовых | Банк России"
2017-10-27,https://www.cbr.ru/press/pr/?file=27102017_133003keyrate2017-10-27t13_18_28.htm,cached,43881,"Банк России принял решение снизить ключевую ставку на 25 б.п., до 8,25% годовых | Банк России"
2017-12-15,https://www.cbr.ru/press/pr/?file=15122017_133000keyrate2017-12-15t13_25_57.htm,cached,46678,"Банк России принял решение снизить ключевую ставку на 50 б.п., до 7,75% годовых | Банк России"
2018-02-09,https://www.cbr.ru/press/pr/?file=09022018_133031keyrate2018-02-09t13_29_29.htm,cached,46459,"Банк России принял решение снизить ключевую ставку на 25 б.п., до 7,50% годовых | Банк России"
2018-03-23,https://www.cbr.ru/press/pr/?file=23032018_133000keyrate2018-03-23t13_20_35.htm,cached,43371,"Банк России принял решение снизить ключевую ставку на 25 б.п., до 7,25% годовых | Банк России"
2018-04-27,https://www.cbr.ru/press/pr/?file=27042018_133000key.htm,cached,41890,"Банк России принял решение сохранить ключевую ставку на уровне 7,25% годовых | Банк России"
2018-06-15,https://www.cbr.ru/press/pr/?file=15062018_133000key.htm,cached,40693,"Банк России принял решение сохранить ключевую ставку на уровне 7,25% годовых | Банк России"
2018-07-27,https://www.cbr.ru/press/pr/?file=27072018_133000key.htm,cached,39082,"Банк России принял решение сохранить ключевую ставку на уровне 7,25% годовых | Банк России"
2018-09-14,https://www.cbr.ru/press/pr/?file=14092018_133000key.htm,cached,39437,"Банк России принял решение повысить ключевую ставку на 0,25 процентного пункта, до 7,50% годовых | Банк России"
2018-10-26,https://www.cbr.ru/press/pr/?file=26102018_133000key.htm,cached,39383,"Банк России принял решение сохранить ключевую ставку на уровне 7,50% годовых | Банк России"
2018-12-14,https://www.cbr.ru/press/pr/?file=14122018_133000key.htm,cached,41516,"Банк России принял решение повысить ключевую ставку на 0,25 процентного пункта, до 7,75% годовых | Банк России"
2019-02-08,https://www.cbr.ru/press/pr/?file=08022019_133000key.htm,cached,39890,"Банк России принял решение сохранить ключевую ставку на уровне 7,75% годовых | Банк России"
2019-03-22,https://www.cbr.ru/press/pr/?file=22032019_133000key.htm,cached,41897,"Банк России принял решение сохранить ключевую ставку на уровне 7,75% годовых | Банк России"
2019-04-26,https://www.cbr.ru/press/pr/?file=26042019_133000key.htm,cached,39357,"Банк России принял решение сохранить ключевую ставку на уровне 7,75% годовых | Банк России"
2019-06-14,https://www.cbr.ru/press/pr/?file=14062019_133000key.htm,cached,41357,"Банк России принял решение снизить ключевую ставку на 25 б.п., до 7,50% годовых | Банк России"
2019-07-26,https://www.cbr.ru/press/pr/?file=26072019_133000key.htm,cached,41666,"Банк России принял решение снизить ключевую ставку на 25 б.п., до 7,25% годовых | Банк России"
2019-09-06,https://www.cbr.ru/press/pr/?file=06092019_133000key.htm,cached,42995,"Банк России принял решение снизить ключевую ставку на 25 б.п., до 7,00% годовых | Банк России"
2019-10-25,https://www.cbr.ru/press/pr/?file=25102019_133000key.htm,cached,45065,"Банк России принял решение снизить ключевую ставку на 50 б.п., до 6,50% годовых | Банк России"
2019-12-13,https://www.cbr.ru/press/pr/?file=13122019_133000key.htm,cached,44715,"Банк России принял решение снизить ключевую ставку на 25 б.п., до 6,25% годовых | Банк России"
2020-02-07,https://www.cbr.ru/press/pr/?file=07022020_133000key.htm,cached,45571,"Банк России принял решение снизить ключевую ставку на 25 б.п., до 6,00% годовых | Банк России"
2020-03-20,https://www.cbr.ru/press/pr/?file=20032020_133000key.htm,cached,41173,"Банк России принял решение сохранить ключевую ставку на уровне 6,00% годовых | Банк России"
2020-04-24,https://www.cbr.ru/press/pr/?file=24042020_133000key.htm,cached,43647,"Банк России принял решение снизить ключевую ставку на 50 б.п., до 5,50% годовых | Банк России"
2020-06-19,https://www.cbr.ru/press/pr/?file=19062020_133000key.htm,cached,42662,"Банк России принял решение снизить ключевую ставку на 100 б.п., до 4,50% годовых | Банк России"
2020-07-24,https://www.cbr.ru/press/pr/?file=24072020_133000key.htm,cached,46055,"Банк России принял решение снизить ключевую ставку на 25 б.п., до 4,25% годовых | Банк России"
2020-09-18,https://www.cbr.ru/press/pr/?file=18092020_133000key.htm,cached,45354,"Банк России принял решение сохранить ключевую ставку на уровне 4,25% годовых | Банк России"
2020-10-23,https://www.cbr.ru/press/pr/?file=23102020_133000key.htm,cached,46372,"Банк России принял решение сохранить ключевую ставку на уровне 4,25% годовых | Банк России"
2020-12-18,https://www.cbr.ru/press/pr/?file=18122020_133000key.htm,cached,46707,"Банк России принял решение сохранить ключевую ставку на уровне 4,25% годовых | Банк России"
2021-02-12,https://www.cbr.ru/press/pr/?file=12022021_133000key.htm,cached,50194,"Банк России принял решение сохранить ключевую ставку на уровне 4,25% годовых | Банк России"
2021-03-19,https://www.cbr.ru/press/pr/?file=19032021_133000key.htm,cached,46032,"Банк России принял решение повысить ключевую ставку на 25 б.п., до 4,50% годовых | Банк России"
2021-04-23,https://www.cbr.ru/press/pr/?file=23042021_133000key.htm,cached,47828,"Банк России принял решение повысить ключевую ставку на 50 б.п., до 5,00% годовых | Банк России"
2021-06-11,https://www.cbr.ru/press/pr/?file=11062021_133000key.htm,cached,46100,"Банк России принял решение повысить ключевую ставку на 50 б.п., до 5,50% годовых | Банк России"
2021-07-23,https://www.cbr.ru/press/pr/?file=23072021_133000key.htm,cached,47444,"Банк России принял решение повысить ключевую ставку на 100 б.п., до 6,50% годовых | Банк России"
2021-09-10,https://www.cbr.ru/press/pr/?file=10092021_133000key.htm,cached,46532,"Банк России принял решение повысить ключевую ставку на 25 б.п., до 6,75% годовых | Банк России"
2021-10-22,https://www.cbr.ru/press/pr/?file=22102021_133000key.htm,cached,48200,"Банк России принял решение повысить ключевую ставку на 75 б.п., до 7,50% годовых | Банк России"
2021-12-17,https://www.cbr.ru/press/pr/?file=17122021_133000key.htm,cached,46964,"Банк России принял решение повысить ключевую ставку на 100 б.п., до 8,50% годовых | Банк России"
2022-02-11,https://www.cbr.ru/press/pr/?file=11022022_133000key.htm,cached,48289,"Банк России принял решение повысить ключевую ставку на 100 б.п., до 9,50% годовых | Банк России"
2022-02-28,https://www.cbr.ru/press/pr/?file=28022022_094500key.htm,cached,31224,Банк России принял решение повысить ключевую ставку до 20% годовых | Банк России
2022-04-08,https://www.cbr.ru/press/pr/?file=08042022_114000key.htm,ok,33013,"Банк России принял решение снизить ключевую ставку на 300 б.п., до 17,00% годовых | Банк России"
2022-04-29,https://www.cbr.ru/press/pr/?file=29042022_133000key.htm,cached,43495,"Банк России принял решение снизить ключевую ставку на 300 б.п., до 14,00% годовых | Банк России"
2022-05-26,https://www.cbr.ru/press/pr/?file=26052022_103000key.htm,cached,33034,"Банк России принял решение снизить ключевую ставку на 300 б.п., до 11,00% годовых | Банк России"
2022-06-10,https://www.cbr.ru/press/pr/?file=10062022_133000key.htm,cached,45287,"Банк России принял решение снизить ключевую ставку на 150 б.п., до 9,50% годовых | Банк России"
2022-07-22,https://www.cbr.ru/press/pr/?file=22072022_133000key.htm,cached,48888,"Банк России принял решение снизить ключевую ставку на 150 б.п., до 8,00% годовых | Банк России"
2022-09-16,https://www.cbr.ru/press/pr/?file=16092022_133000key.htm,cached,47758,"Банк России принял решение снизить ключевую ставку на 50 б.п., до 7,50% годовых | Банк России"
2022-10-28,https://www.cbr.ru/press/pr/?file=28102022_133000key.htm,cached,46870,"Банк России принял решение сохранить ключевую ставку на уровне 7,50% годовых | Банк России"
2022-12-16,https://www.cbr.ru/press/pr/?file=16122022_133000key.htm,cached,44945,"Банк России принял решение сохранить ключевую ставку на уровне 7,50% годовых | Банк России"
2023-02-10,https://www.cbr.ru/press/pr/?file=10022023_133000key.htm,cached,45769,"Банк России принял решение сохранить ключевую ставку на уровне 7,50% годовых | Банк России"
2023-03-17,https://www.cbr.ru/press/pr/?file=17032023_133000key.htm,cached,45260,"Банк России принял решение сохранить ключевую ставку на уровне 7,50% годовых | Банк России"
2023-04-28,https://www.cbr.ru/press/pr/?file=28042023_133000key.htm,cached,48090,"Банк России принял решение сохранить ключевую ставку на уровне 7,50% годовых | Банк России"
2023-06-09,https://www.cbr.ru/press/pr/?file=09062023_133024key.htm,cached,46695,"Банк России принял решение сохранить ключевую ставку на уровне 7,50% годовых | Банк России"
2023-07-21,https://www.cbr.ru/press/pr/?file=21072023_133000key.htm,cached,46326,"Банк России принял решение повысить ключевую ставку на 100 б.п., до 8,50% годовых | Банк России"
2023-08-15,https://www.cbr.ru/press/pr/?file=15082023_103000key.htm,cached,33450,"Банк России принял решение повысить ключевую ставку на 350 б.п., до 12,00% годовых | Банк России"
2023-09-15,https://www.cbr.ru/press/pr/?file=15092023_133000key.htm,cached,47480,"Банк России принял решение повысить ключевую ставку на 100 б.п., до 13,00% годовых | Банк России"
2023-10-27,https://www.cbr.ru/press/pr/?file=27102023_133000key.htm,cached,49741,"Банк России принял решение повысить ключевую ставку на 200 б.п., до 15,00% годовых | Банк России"
2023-12-15,https://www.cbr.ru/press/pr/?file=15122023_133000key.htm,cached,48107,"Банк России принял решение повысить ключевую ставку на 100 б.п., до 16,00% годовых | Банк России"
2024-02-16,https://www.cbr.ru/press/pr/?file=16022024_133000key.htm,cached,38806,"Банк России принял решение сохранить ключевую ставку на уровне 16,00% годовых | Банк России"
2024-03-22,https://www.cbr.ru/press/pr/?file=22032024_133000key.htm,cached,38732,"Банк России принял решение сохранить ключевую ставку на уровне 16,00% годовых | Банк России"
2024-04-26,https://www.cbr.ru/press/pr/?file=26042024_133000key.htm,cached,38850,"Банк России принял решение сохранить ключевую ставку на уровне 16,00% годовых | Банк России"
2024-06-07,https://www.cbr.ru/press/pr/?file=07062024_133000key.htm,cached,39869,"Банк России принял решение сохранить ключевую ставку на уровне 16,00% годовых | Банк России"
2024-07-26,https://www.cbr.ru/press/pr/?file=26072024_133000key.htm,cached,39566,"Банк России принял решение повысить ключевую ставку на 200 б.п., до 18,00% годовых | Банк России"
2024-09-13,https://www.cbr.ru/press/pr/?file=13092024_133000key.htm,cached,40650,"Банк России принял решение повысить ключевую ставку на 100 б.п., до 19,00% годовых | Банк России"
2024-10-25,https://www.cbr.ru/press/pr/?file=25102024_133000key.htm,cached,39706,"Банк России принял решение повысить ключевую ставку на 200 б.п., до 21,00% годовых | Банк России"
2024-12-20,https://www.cbr.ru/press/pr/?file=20122024_133000key.htm,cached,41240,"Банк России принял решение сохранить ключевую ставку на уровне 21,00% годовых | Банк России"
2025-02-14,https://www.cbr.ru/press/pr/?file=14022025_133000key.htm,cached,41091,"Банк России принял решение сохранить ключевую ставку на уровне 21,00% годовых | Банк России"
2025-03-21,https://www.cbr.ru/press/pr/?file=21032025_133000key.htm,cached,41084,"Банк России принял решение сохранить ключевую ставку на уровне 21,00% годовых | Банк России"
2025-04-25,https://www.cbr.ru/press/pr/?file=25042025_133000key.htm,cached,40181,"Банк России принял решение сохранить ключевую ставку на уровне 21,00% годовых | Банк России"
2025-06-06,https://www.cbr.ru/press/pr/?file=06062025_133000key.htm,cached,39752,"Банк России принял решение снизить ключевую ставку на 100 б.п., до 20,00% годовых | Банк России"
2025-07-25,https://www.cbr.ru/press/pr/?file=25072025_133000key.htm,cached,40792,"Банк России принял решение снизить ключевую ставку на 200 б.п., до 18,00% годовых | Банк России"
2025-09-12,https://www.cbr.ru/press/pr/?file=12092025_133000key.htm,cached,40239,"Банк России принял решение снизить ключевую ставку на 100 б.п., до 17,00% годовых | Банк России"
2025-10-24,https://www.cbr.ru/press/pr/?file=24102025_133000key.htm,cached,41094,"Банк России принял решение снизить ключевую ставку на 50 б.п., до 16,50% годовых | Банк России"
2025-12-19,https://www.cbr.ru/press/pr/?file=19122025_133000key.htm,cached,39215,"Банк России принял решение снизить ключевую ставку на 50 б.п., до 16,00% годовых | Банк России"
2026-02-13,https://www.cbr.ru/press/pr/?file=13022026_133000key.htm,cached,40932,"Банк России принял решение снизить ключевую ставку на 50 б.п., до 15,50% годовых | Банк России"
2026-03-20,https://www.cbr.ru/press/pr/?file=20032026_133000key.htm,cached,38009,"Банк России принял решение снизить ключевую ставку на 50 б.п., до 15,00% годовых | Банк России"
2026-04-24,https://www.cbr.ru/press/pr/?file=24042026_133000key.htm,cached,39302,"Банк России принял решение снизить ключевую ставку на 50 б.п., до 14,50% годовых | Банк России"
2026-06-19,https://www.cbr.ru/press/pr/?file=19062026_133000key.htm,cached,38623,"Банк России принял решение снизить ключевую ставку на 25 б.п., до 14,25% годовых | Банк России"
2026-07-24,https://www.cbr.ru/press/pr/?file=24072026_133000key.htm,cached,40707,"Банк России принял решение снизить ключевую ставку на 25 б.п., до 14,00% годовых | Банк России"
