date,rate_new,rate_old,delta_bp,direction,n_chars,n_words,signal_sentence,url
2013-09-13,5.5,5.5,0,intro,6452,807,В случае возникновения необходимости компенсации эффектов резких изменений уровня ликвидности банковского сектора вследствие действия автономных факторов или изменений спроса кредитных организаций на ликвидность Банк России будет оперативно принимать решение о проведении указанных операций.,https://www.cbr.ru/press/pr/?file=130913_1350427l.htm
2014-03-03,7.0,5.5,150,up,320,43,,https://www.cbr.ru/press/pr/?file=03032014_10262903_03.htm
2014-04-25,7.5,7.0,50,up,4682,584,,https://www.cbr.ru/press/pr/?file=25042014_1330501.htm
2014-07-25,8.0,7.5,50,up,4687,588,В случае сохранения инфляционных рисков на высоком уровне Банк России продолжит повышение ключевой ставки.,https://www.cbr.ru/press/pr/?file=25072014_133011dkp2014-07-25t13_00_55.htm
2014-10-31,9.5,8.0,150,up,5505,701,"В случае улучшения внешних условий, формирования устойчивой тенденции к снижению инфляции и инфляционных ожиданий Банк России будет готов начать смягчение денежно-кредитной политики.",https://www.cbr.ru/press/pr/?file=31102014_133027dkp2014-10-31t13_15_16.htm
2014-12-11,10.5,9.5,100,up,5920,729,При формировании устойчивой тенденции к снижению инфляции и инфляционных ожиданий Банк России будет готов начать смягчение денежно-кредитной политики.,https://www.cbr.ru/press/pr/?file=11122014_133014dkp2014-12-11t13_08_33.htm
2014-12-16,17.0,10.5,650,up,2345,313,,https://www.cbr.ru/press/pr/?file=16122014_004533dkp2014-12-16t00_39_23.htm
2015-01-30,15.0,17.0,-200,down,3646,475,,https://www.cbr.ru/press/pr/?file=30012015_133122dkp2015-01-30t13_15_49.htm
2015-03-13,14.0,15.0,-100,down,4425,567,По мере ослабления инфляционных рисков Банк России будет готов продолжить снижение ключевой ставки.,https://www.cbr.ru/press/pr/?file=13032015_133031dkp2015-03-13t13_20_49.htm
2015-04-30,12.5,14.0,-150,down,4683,580,По мере дальнейшего ослабления инфляционных рисков Банк России будет готов продолжить снижение ключевой ставки.,https://www.cbr.ru/press/pr/?file=30042015_133103dkp2015-04-30t13_05_21.htm
2015-06-15,11.5,12.5,-100,down,5041,648,"Банк России будет готов продолжить снижение ключевой ставки по мере дальнейшего замедления роста потребительских цен в соответствии с прогнозом, но при этом потенциал смягчения денежно-кредитной политики в ближайшие месяцы ограничен инфляционными рисками.",https://www.cbr.ru/press/pr/?file=15062015_133028keyrate2015-06-15t13_25_44.htm
2015-07-31,11.0,11.5,-50,down,4977,639,В дальнейшем Банк России будет принимать решения об уровне ключевой ставки в зависимости от изменения баланса инфляционных рисков и рисков охлаждения экономики.,https://www.cbr.ru/press/pr/?file=31072015_133033keyrate2015-07-31t13_03_35.htm
2015-09-11,11.0,11.0,0,hold,5765,728,Банк России будет принимать решения об уровне ключевой ставки в зависимости от изменения баланса инфляционных рисков и рисков охлаждения экономики.,https://www.cbr.ru/press/pr/?file=11092015_133021keyrate2015-09-11t13_01_35.htm
2015-10-30,11.0,11.0,0,hold,4486,567,При принятии решения Банк России будет учитывать изменение баланса инфляционных рисков и рисков охлаждения экономики.,https://www.cbr.ru/press/pr/?file=30102015_133001keyrate2015-10-30t13_17_50.htm
2015-12-11,11.0,11.0,0,hold,5792,725,,https://www.cbr.ru/press/pr/?file=11122015_133000keyrate2015-12-11t13_15_16.htm
2016-01-29,11.0,11.0,0,hold,3735,504,Однако потребуется дальнейшая адаптация платежного баланса и экономики к понизившемуся уровню мировых цен на основные товары российского экспорта.,https://www.cbr.ru/press/pr/?file=29012016_133000keyrate2016-01-29t13_01_16.htm
2016-03-18,11.0,11.0,0,hold,4785,632,,https://www.cbr.ru/press/pr/?file=18032016_133000keyrate2016-03-18t13_21_21.htm
2016-04-29,11.0,11.0,0,hold,3849,493,,https://www.cbr.ru/press/pr/?file=29042016_133001dkp2016-04-29t13_03_28.htm
2016-06-10,10.5,11.0,-50,down,4711,600,"Банк России будет рассматривать возможность дальнейшего снижения ключевой ставки, оценивая инфляционные риски и соответствие динамики замедления инфляции прогнозной траектории.",https://www.cbr.ru/press/pr/?file=10062016_133019dkp2016-06-10t13_22_24.htm
2016-07-29,10.5,10.5,0,hold,4293,545,"Банк России будет рассматривать возможность дальнейшего снижения ключевой ставки, оценивая инфляционные риски и соответствие динамики замедления инфляции прогнозной траектории.",https://www.cbr.ru/press/pr/?file=29072016_133016keyrate2016-07-29t13_25_34.htm
2016-09-16,10.0,10.5,-50,down,5364,694,При принятии решения о ключевой ставке в ближайшие месяцы Банк России будет оценивать инфляционные риски и соответствие динамики экономики и инфляции базовому прогнозу.,https://www.cbr.ru/press/pr/?file=16092016_132949keyrate2016-09-16t12_56_02.htm
2016-10-28,10.0,10.0,0,hold,6166,788,При принятии решения о ключевой ставке в ближайшие месяцы Банк России будет оценивать инфляционные риски и соответствие динамики экономики и инфляции базовому прогнозу.,https://www.cbr.ru/press/pr/?file=28102016_133004keyrate2016-10-28t13_09_02.htm
2016-12-16,10.0,10.0,0,hold,5480,695,При принятии решения о ключевой ставке на ближайших заседаниях Банк России будет оценивать инфляционные риски и соответствие динамики экономики и инфляции базовому прогнозу.,https://www.cbr.ru/press/pr/?file=16122016_133003keyrate2016-12-16t13_16_40.htm
2017-02-03,10.0,10.0,0,hold,5660,700,,https://www.cbr.ru/press/pr/?file=03022017_133002keyrate2017-02-03t13_09_54.htm
2017-03-24,9.75,10.0,-25,down,5760,731,Банк России будет оценивать дальнейшую динамику инфляции и экономики относительно прогноза и допускает возможность постепенного снижения ключевой ставки во II – III кварталах текущего года.,https://www.cbr.ru/press/pr/?file=24032017_132958keyrate2017-03-24t13_25_44.htm
2017-04-28,9.25,9.75,-50,down,6072,767,"Принимая решение о ключевой ставке в дальнейшем, Банк России будет оценивать соотношение вероятностей реализации базового сценария (снижение цен на нефть до $40 за баррель) и сценария с ростом цен на нефть, а также дальнейшую динамику инфляции и развитие экономики относительно прогноза.",https://www.cbr.ru/press/pr/?file=28042017_132959keyrate2017-04-28t13_17_20.htm
2017-06-16,9.0,9.25,-25,down,5481,670,"В дальнейшем, принимая решение, Банк России будет исходить из оценки инфляционных рисков, динамики инфляции и экономики относительно прогноза.",https://www.cbr.ru/press/pr/?file=16062017_133001keyrate2017-06-16t13_21_27.htm
2017-07-28,9.0,9.0,0,hold,5534,682,"В дальнейшем, принимая решение, Банк России будет исходить из оценки инфляционных рисков, динамики инфляции и экономики относительно прогноза.",https://www.cbr.ru/press/pr/?file=28072017_133214keyrate2017-07-28t13_23_30.htm
2017-09-15,8.5,9.0,-50,down,5884,728,"Принимая решение по ключевой ставке, Банк России будет исходить из оценки рисков существенного и устойчивого отклонения инфляции от цели, а также динамики потребительских цен и экономической активности относительно прогноза.",https://www.cbr.ru/press/pr/?file=15092017_1330140keyrate2017-09-15t13_22_03.htm
2017-10-27,8.25,8.5,-25,down,5034,615,"Принимая решение по ключевой ставке, Банк России будет оценивать баланс рисков существенного и устойчивого отклонения инфляции вверх и вниз от цели, а также динамику экономической активности относительно прогноза.",https://www.cbr.ru/press/pr/?file=27102017_133003keyrate2017-10-27t13_18_28.htm
2017-12-15,7.75,8.25,-50,down,6491,828,"Принимая решение по ключевой ставке, Банк России будет оценивать баланс рисков существенного и устойчивого отклонения инфляции вверх и вниз от цели, а также динамику экономической активности относительно прогноза.",https://www.cbr.ru/press/pr/?file=15122017_133000keyrate2017-12-15t13_25_57.htm
2018-02-09,7.5,7.75,-25,down,6413,810,В этих условиях Банк России продолжит снижение ключевой ставки и допускает завершение перехода от умеренно жесткой к нейтральной денежно-кредитной политике в 2018 году.,https://www.cbr.ru/press/pr/?file=09022018_133031keyrate2018-02-09t13_29_29.htm
2018-03-23,7.25,7.5,-25,down,4841,615,"Банк России будет уделять особое внимание ситуации на рынке труда, в том числе оценивать влияние динамики доходов и заработных плат на потребительское поведение и инфляцию.",https://www.cbr.ru/press/pr/?file=23032018_133000keyrate2018-03-23t13_20_35.htm
2018-04-27,7.25,7.25,0,hold,4184,549,"В дальнейшем, принимая решение, Банк России будет исходить из оценки инфляционных рисков, динамики инфляции и развития экономики относительно прогноза.",https://www.cbr.ru/press/pr/?file=27042018_133000key.htm
2018-06-15,7.25,7.25,0,hold,5529,754,"Банк России будет принимать решение по ключевой ставке, оценивая инфляционные риски, динамику инфляции и развитие экономики относительно прогноза.",https://www.cbr.ru/press/pr/?file=15062018_133000key.htm
2018-07-27,7.25,7.25,0,hold,5053,673,"Банк России будет принимать решения по ключевой ставке, оценивая инфляционные риски, динамику инфляции и развитие экономики относительно прогноза.",https://www.cbr.ru/press/pr/?file=27072018_133000key.htm
2018-09-14,7.5,7.25,25,up,5200,679,"Банк России будет оценивать целесообразность дальнейшего повышения ключевой ставки, принимая во внимание динамику инфляции и экономики относительно прогноза, а также учитывая риски со стороны внешних условий и реакции на них финансовых рынков.",https://www.cbr.ru/press/pr/?file=14092018_133000key.htm
2018-10-26,7.5,7.5,0,hold,5209,657,"Банк России будет оценивать целесообразность дальнейшего повышения ключевой ставки, принимая во внимание динамику инфляции и экономики относительно прогноза, а также учитывая риски со стороны внешних условий и реакции на них финансовых рынков.",https://www.cbr.ru/press/pr/?file=26102018_133000key.htm
2018-12-14,7.75,7.5,25,up,6252,809,"Банк России будет оценивать целесообразность дальнейшего повышения ключевой ставки, принимая во внимание динамику инфляции и экономики относительно прогноза, а также учитывая риски со стороны внешних условий и реакции на них финансовых рынков.",https://www.cbr.ru/press/pr/?file=14122018_133000key.htm
2019-02-08,7.75,7.75,0,hold,5465,741,"Банк России будет принимать решения по ключевой ставке, оценивая достаточность повышения ключевой ставки в сентябре и декабре 2018 года для возврата годовой инфляции к цели в 2020 году, с учетом динамики инфляции и экономики относительно прогноза, а также рисков со стороны внешних условий и реакции на них финансовых рынков.",https://www.cbr.ru/press/pr/?file=08022019_133000key.htm
2019-03-22,7.75,7.75,0,hold,6273,848,"Банк России будет принимать решения по ключевой ставке с учетом динамики инфляции и экономики относительно прогноза, а также оценивая риски со стороны внешних условий и реакции на них финансовых рынков.",https://www.cbr.ru/press/pr/?file=22032019_133000key.htm
2019-04-26,7.75,7.75,0,hold,5166,697,"Банк России будет принимать решения по ключевой ставке с учетом динамики инфляции и экономики относительно прогноза, а также оценивая риски со стороны внешних условий и реакции на них финансовых рынков.",https://www.cbr.ru/press/pr/?file=26042019_133000key.htm
2019-06-14,7.5,7.75,-25,down,6029,794,"Банк России будет принимать решения по ключевой ставке с учетом фактической и ожидаемой динамики инфляции относительно цели, развития экономики на прогнозном горизонте, а также оценивая риски со стороны внутренних и внешних условий и реакции на них финансовых рынков.",https://www.cbr.ru/press/pr/?file=14062019_133000key.htm
2019-07-26,7.25,7.5,-25,down,6342,818,"Банк России будет принимать решения по ключевой ставке с учетом фактической и ожидаемой динамики инфляции относительно цели, развития экономики на прогнозном горизонте, а также оценивая риски со стороны внутренних и внешних условий и реакции на них финансовых рынков.",https://www.cbr.ru/press/pr/?file=26072019_133000key.htm
2019-09-06,7.0,7.25,-25,down,6877,876,При развитии ситуации в соответствии с базовым прогнозом Банк России будет оценивать целесообразность дальнейшего снижения ключевой ставки на одном из ближайших заседаний Совета директоров.,https://www.cbr.ru/press/pr/?file=06092019_133000key.htm
2019-10-25,6.5,7.0,-50,down,7706,985,При развитии ситуации в соответствии с базовым прогнозом Банк России будет оценивать целесообразность дальнейшего снижения ключевой ставки на одном из ближайших заседаний Совета директоров.,https://www.cbr.ru/press/pr/?file=25102019_133000key.htm
2019-12-13,6.25,6.5,-25,down,7823,1009,При развитии ситуации в соответствии с базовым прогнозом Банк России будет оценивать целесообразность дальнейшего снижения ключевой ставки в первом полугодии 2020 года.,https://www.cbr.ru/press/pr/?file=13122019_133000key.htm
2020-02-07,6.0,6.25,-25,down,7765,986,"Банк России будет принимать решения по ключевой ставке с учетом фактической и ожидаемой динамики инфляции относительно цели, развития экономики на прогнозном горизонте, а также оценивая риски со стороны внутренних и внешних условий и реакции на них финансовых рынков.",https://www.cbr.ru/press/pr/?file=07022020_133000key.htm
2020-03-20,6.0,6.0,0,hold,5385,697,"В дальнейшем Банк России будет принимать решения по ключевой ставке с учетом фактической и ожидаемой динамики инфляции относительно цели, развития экономики на прогнозном горизонте, а также оценивая риски со стороны внутренних и внешних условий и реакции на них финансовых рынков.",https://www.cbr.ru/press/pr/?file=20032020_133000key.htm
2020-04-24,5.5,6.0,-50,down,6526,868,"Банк России будет принимать решения по ключевой ставке с учетом фактической и ожидаемой динамики инфляции относительно цели, развития экономики на прогнозном горизонте, а также оценивая риски со стороны внутренних и внешних условий и реакции на них финансовых рынков.",https://www.cbr.ru/press/pr/?file=24042020_133000key.htm
2020-06-19,4.5,5.5,-100,down,6168,798,При развитии ситуации в соответствии с базовым прогнозом Банк России будет оценивать целесообразность дальнейшего снижения ключевой ставки на ближайших заседаниях.,https://www.cbr.ru/press/pr/?file=19062020_133000key.htm
2020-07-24,4.25,4.5,-25,down,7828,1011,При развитии ситуации в соответствии с базовым прогнозом Банк России будет оценивать целесообразность дальнейшего снижения ключевой ставки на ближайших заседаниях.,https://www.cbr.ru/press/pr/?file=24072020_133000key.htm
2020-09-18,4.25,4.25,0,hold,7544,941,При развитии ситуации в соответствии с базовым прогнозом Банк России будет оценивать целесообразность дальнейшего снижения ключевой ставки на ближайших заседаниях.,https://www.cbr.ru/press/pr/?file=18092020_133000key.htm
2020-10-23,4.25,4.25,0,hold,7954,1013,При развитии ситуации в соответствии с базовым прогнозом Банк России будет оценивать целесообразность дальнейшего снижения ключевой ставки на ближайших заседаниях.,https://www.cbr.ru/press/pr/?file=23102020_133000key.htm
2020-12-18,4.25,4.25,0,hold,8157,1053,С учетом высокой неоднородности текущих тенденций в экономике и динамике цен Банк России будет оценивать дальнейшее развитие ситуации и наличие потенциала дополнительного снижения ключевой ставки.,https://www.cbr.ru/press/pr/?file=18122020_133000key.htm
2021-02-12,4.25,4.25,0,hold,9770,1233,"При развитии ситуации в соответствии с базовым прогнозом Банк России будет определять сроки и темпы возврата к нейтральной денежно-кредитной политике, принимая во внимание по-прежнему высокую неоднородность текущих тенденций в экономике и динамике цен и с учетом фактической и ожидаемой динамики инфляции относительно цели, развития экономики на прогнозном горизонте, а также оценивая риски со стороны внутренних и внешних условий и реакции на них финансовых рынков.",https://www.cbr.ru/press/pr/?file=12022021_133000key.htm
2021-03-19,4.5,4.25,25,up,7739,960,"При принятии решений по ключевой ставке Банк России будет учитывать, насколько прекращение действия указанных антикризисных мер будет влиять на денежно-кредитные условия.",https://www.cbr.ru/press/pr/?file=19032021_133000key.htm
2021-04-23,5.0,4.5,50,up,8527,1076,Банк России будет оценивать целесообразность дальнейшего повышения ключевой ставки на ближайших заседаниях.,https://www.cbr.ru/press/pr/?file=23042021_133000key.htm
2021-06-11,5.5,5.0,50,up,7810,983,В условиях проводимой денежно-кредитной политики годовая инфляция вернется к цели Банка России во втором полугодии 2022 года и будет находиться вблизи 4% в дальнейшем.,https://www.cbr.ru/press/pr/?file=11062021_133000key.htm
2021-07-23,6.5,5.5,100,up,8193,1052,При развитии ситуации в соответствии с базовым прогнозом Банк России будет оценивать целесообразность дальнейшего повышения ключевой ставки на ближайших заседаниях.,https://www.cbr.ru/press/pr/?file=23072021_133000key.htm
2021-09-10,6.75,6.5,25,up,7918,996,При развитии ситуации в соответствии с базовым прогнозом Банк России допускает возможность дальнейших повышений ключевой ставки на ближайших заседаниях.,https://www.cbr.ru/press/pr/?file=10092021_133000key.htm
2021-10-22,7.5,6.75,75,up,8661,1097,При развитии ситуации в соответствии с базовым прогнозом Банк России допускает возможность дальнейших повышений ключевой ставки на ближайших заседаниях.,https://www.cbr.ru/press/pr/?file=22102021_133000key.htm
2021-12-17,8.5,7.5,100,up,8072,1016,При развитии ситуации в соответствии с базовым прогнозом Банк России допускает возможность дальнейшего повышения ключевой ставки на ближайших заседаниях.,https://www.cbr.ru/press/pr/?file=17122021_133000key.htm
2022-02-11,9.5,8.5,100,up,8736,1104,При развитии ситуации в соответствии с базовым прогнозом Банк России допускает возможность дальнейшего повышения ключевой ставки на ближайших заседаниях.,https://www.cbr.ru/press/pr/?file=11022022_133000key.htm
2022-02-28,20.0,9.5,1050,up,727,95,"Банк России будет принимать дальнейшие решения по ключевой ставке исходя из оценки рисков со стороны внешних и внутренних условий и реакции на них финансовых рынков и с учетом фактической и ожидаемой динамики инфляции относительно цели, развития экономики на прогнозном горизонте.",https://www.cbr.ru/press/pr/?file=28022022_094500key.htm
2022-04-08,17.0,20.0,-300,down,1397,178,"Банк России будет принимать дальнейшие решения по ключевой ставке исходя из оценки рисков со стороны внешних и внутренних условий, реакции на них финансовых рынков и с учетом фактической и ожидаемой динамики инфляции относительно цели, развития экономики на прогнозном горизонте и допускает возможность продолжения снижения ключевой ставки на ближайших заседаниях.",https://www.cbr.ru/press/pr/?file=08042022_114000key.htm
2022-04-29,14.0,17.0,-300,down,6340,824,"Банк России будет принимать дальнейшие решения по ключевой ставке с учетом фактической и ожидаемой динамики инфляции относительно цели, процесса структурной перестройки экономики, а также оценивая риски со стороны внутренних и внешних условий и реакции на них финансовых рынков.",https://www.cbr.ru/press/pr/?file=29042022_133000key.htm
2022-05-26,11.0,14.0,-300,down,1450,189,"Банк России будет принимать дальнейшие решения по ключевой ставке с учетом фактической и ожидаемой динамики инфляции относительно цели, процесса структурной перестройки экономики, а также оценивая риски со стороны внутренних и внешних условий и реакции на них финансовых рынков, и допускает возможность снижения ключевой ставки на ближайших заседаниях.",https://www.cbr.ru/press/pr/?file=26052022_103000key.htm
2022-06-10,9.5,11.0,-150,down,7000,910,"Банк России будет принимать дальнейшие решения по ключевой ставке с учетом фактической и ожидаемой динамики инфляции относительно цели, процесса структурной перестройки экономики, а также оценивая риски со стороны внутренних и внешних условий и реакции на них финансовых рынков.",https://www.cbr.ru/press/pr/?file=10062022_133000key.htm
2022-07-22,8.0,9.5,-150,down,9047,1149,"Банк России будет принимать дальнейшие решения по ключевой ставке с учетом фактической и ожидаемой динамики инфляции относительно цели, процесса структурной перестройки экономики, а также оценивая риски со стороны внутренних и внешних условий и реакции на них финансовых рынков.",https://www.cbr.ru/press/pr/?file=22072022_133000key.htm
2022-09-16,7.5,8.0,-50,down,8439,1061,"Банк России будет принимать дальнейшие решения по ключевой ставке с учетом фактической и ожидаемой динамики инфляции относительно цели, процесса структурной перестройки экономики, а также оценивая риски со стороны внутренних и внешних условий и реакции на них финансовых рынков.",https://www.cbr.ru/press/pr/?file=16092022_133000key.htm
2022-10-28,7.5,7.5,0,hold,7987,1034,"Банк России будет принимать дальнейшие решения по ключевой ставке с учетом фактической и ожидаемой динамики инфляции относительно цели, процесса структурной перестройки экономики, а также оценивая риски со стороны внутренних и внешних условий и реакции на них финансовых рынков.",https://www.cbr.ru/press/pr/?file=28102022_133000key.htm
2022-12-16,7.5,7.5,0,hold,7096,894,"Банк России будет принимать дальнейшие решения по ключевой ставке с учетом фактической и ожидаемой динамики инфляции относительно цели, процесса структурной перестройки экономики, а также оценивая риски со стороны внутренних и внешних условий и реакции на них финансовых рынков.",https://www.cbr.ru/press/pr/?file=16122022_133000key.htm
2023-02-10,7.5,7.5,0,hold,7484,959,"Банк России будет принимать дальнейшие решения по ключевой ставке с учетом фактической и ожидаемой динамики инфляции относительно цели, процесса структурной перестройки экономики, а также оценивая риски со стороны внутренних и внешних условий и реакции на них финансовых рынков.",https://www.cbr.ru/press/pr/?file=10022023_133000key.htm
2023-03-17,7.5,7.5,0,hold,7250,927,"Банк России будет принимать дальнейшие решения по ключевой ставке с учетом фактической и ожидаемой динамики инфляции относительно цели, процесса структурной переcтройки экономики, а также оценивая риски со стороны внутренних и внешних условий и реакции на них финансовых рынков.",https://www.cbr.ru/press/pr/?file=17032023_133000key.htm
2023-04-28,7.5,7.5,0,hold,8603,1116,"Банк России будет принимать дальнейшие решения по ключевой ставке с учетом фактической и ожидаемой динамики инфляции относительно цели, процесса структурной перестройки экономики, а также оценивая риски со стороны внутренних и внешних условий и реакции на них финансовых рынков.",https://www.cbr.ru/press/pr/?file=28042023_133000key.htm
2023-06-09,7.5,7.5,0,hold,7955,1019,"Банк России будет принимать дальнейшие решения по ключевой ставке с учетом фактической и ожидаемой динамики инфляции относительно цели, процесса структурной перестройки экономики, а также оценивая риски со стороны внутренних и внешних условий и реакции на них финансовых рынков.",https://www.cbr.ru/press/pr/?file=09062023_133024key.htm
2023-07-21,8.5,7.5,100,up,7725,998,"Банк России будет принимать дальнейшие решения по ключевой ставке с учетом фактической и ожидаемой динамики инфляции относительно цели, процесса структурной перестройки экономики, а также оценивая риски со стороны внутренних и внешних условий и реакции на них финансовых рынков.",https://www.cbr.ru/press/pr/?file=21072023_133000key.htm
2023-08-15,12.0,8.5,350,up,1607,224,"Банк России будет принимать дальнейшие решения по ключевой ставке с учетом фактической и ожидаемой динамики инфляции относительно цели, процесса структурной перестройки экономики, а также оценивая риски со стороны внутренних и внешних условий и реакции на них финансовых рынков.",https://www.cbr.ru/press/pr/?file=15082023_103000key.htm
2023-09-15,13.0,12.0,100,up,8291,1049,"Банк России будет принимать дальнейшие решения по ключевой ставке с учетом фактической и ожидаемой динамики инфляции относительно цели, процесса структурной перестройки экономики, а также оценивая риски со стороны внутренних и внешних условий и реакции на них финансовых рынков.",https://www.cbr.ru/press/pr/?file=15092023_133000key.htm
2023-10-27,15.0,13.0,200,up,9395,1209,"Банк России будет принимать дальнейшие решения по ключевой ставке с учетом фактической и ожидаемой динамики инфляции относительно цели, развития экономики на прогнозном горизонте, а также оценивая риски со стороны внутренних и внешних условий и реакции на них финансовых рынков.",https://www.cbr.ru/press/pr/?file=27102023_133000key.htm
2023-12-15,16.0,15.0,100,up,8655,1116,"Банк России будет принимать дальнейшие решения по ключевой ставке с учетом фактической и ожидаемой динамики инфляции относительно цели, развития экономики на прогнозном горизонте, а также оценивая риски со стороны внутренних и внешних условий и реакции на них финансовых рынков.",https://www.cbr.ru/press/pr/?file=15122023_133000key.htm
2024-02-16,16.0,16.0,0,hold,4043,515,,https://www.cbr.ru/press/pr/?file=16022024_133000key.htm
2024-03-22,16.0,16.0,0,hold,3997,493,,https://www.cbr.ru/press/pr/?file=22032024_133000key.htm
2024-04-26,16.0,16.0,0,hold,4047,512,,https://www.cbr.ru/press/pr/?file=26042024_133000key.htm
2024-06-07,16.0,16.0,0,hold,4544,593,Банк России допускает возможность повышения ключевой ставки на ближайшем заседании.,https://www.cbr.ru/press/pr/?file=07062024_133000key.htm
2024-07-26,18.0,16.0,200,up,4362,567,Банк России будет оценивать целесообразность дальнейшего повышения ключевой ставки на ближайших заседаниях.,https://www.cbr.ru/press/pr/?file=26072024_133000key.htm
2024-09-13,19.0,18.0,100,up,4979,620,Банк России допускает возможность повышения ключевой ставки на ближайшем заседании.,https://www.cbr.ru/press/pr/?file=13092024_133000key.htm
2024-10-25,21.0,19.0,200,up,4516,562,Банк России допускает возможность повышения ключевой ставки на ближайшем заседании.,https://www.cbr.ru/press/pr/?file=25102024_133000key.htm
2024-12-20,21.0,21.0,0,hold,5281,660,Банк России будет оценивать целесообразность повышения ключевой ставки на ближайшем заседании с учетом дальнейшей динамики кредитования и инфляции.,https://www.cbr.ru/press/pr/?file=20122024_133000key.htm
2025-02-14,21.0,21.0,0,hold,5154,659,Банк России будет оценивать целесообразность повышения ключевой ставки на ближайшем заседании с учетом скорости и устойчивости снижения инфляции.,https://www.cbr.ru/press/pr/?file=14022025_133000key.htm
2025-03-21,21.0,21.0,0,hold,5183,658,Банк России продолжит анализировать скорость и устойчивость снижения инфляции и инфляционных ожиданий.,https://www.cbr.ru/press/pr/?file=21032025_133000key.htm
2025-04-25,21.0,21.0,0,hold,4714,603,"Банк России будет поддерживать такую жесткость денежно-кредитных условий, которая необходима для возвращения инфляции к цели в 2026 году.",https://www.cbr.ru/press/pr/?file=25042025_133000key.htm
2025-06-06,20.0,21.0,-100,down,4522,572,"Банк России будет поддерживать такую жесткость денежно-кредитных условий, которая необходима для возвращения инфляции к цели в 2026 году.",https://www.cbr.ru/press/pr/?file=06062025_133000key.htm
2025-07-25,18.0,20.0,-200,down,5014,627,"Банк России будет поддерживать такую жесткость денежно-кредитных условий, которая необходима для возвращения инфляции к цели в 2026 году.",https://www.cbr.ru/press/pr/?file=25072025_133000key.htm
2025-09-12,17.0,18.0,-100,down,4626,586,"Банк России будет поддерживать такую жесткость денежно-кредитных условий, которая необходима для возвращения инфляции к цели в 2026 году.",https://www.cbr.ru/press/pr/?file=12092025_133000key.htm
2025-10-24,16.5,17.0,-50,down,5159,655,"Банк России будет поддерживать такую жесткость денежно-кредитных условий, которая необходима для возвращения инфляции к цели.",https://www.cbr.ru/press/pr/?file=24102025_133000key.htm
2025-12-19,16.5,16.5,0,hold,4265,531,"Банк России будет поддерживать такую жесткость денежно-кредитных условий, которая необходима для возвращения инфляции к цели.",https://www.cbr.ru/press/pr/?file=19122025_133000key.htm
2026-02-13,16.0,16.5,-50,down,5108,673,Банк России будет оценивать целесообразность дальнейшего снижения ключевой ставки на ближайших заседаниях в зависимости от устойчивости замедления инфляции и динамики инфляционных ожиданий.,https://www.cbr.ru/press/pr/?file=13022026_133000key.htm
2026-03-20,15.5,16.0,-50,down,3632,469,"Банк России будет оценивать целесообразность дальнейшего снижения ключевой ставки на ближайших заседаниях в зависимости от устойчивости замедления инфляции, динамики инфляционных ожиданий, а также от оценки рисков со стороны внешних и внутренних условий.",https://www.cbr.ru/press/pr/?file=20032026_133000key.htm
2026-04-24,14.5,15.5,-100,down,4297,563,"Банк России будет оценивать целесообразность дальнейшего снижения ключевой ставки на ближайших заседаниях в зависимости от устойчивости замедления инфляции, динамики инфляционных ожиданий, а также от оценки рисков со стороны внешних и внутренних условий.",https://www.cbr.ru/press/pr/?file=24042026_133000key.htm
2026-06-19,14.25,14.5,-25,down,3970,519,"Банк России будет оценивать целесообразность дальнейшего снижения ключевой ставки на ближайших заседаниях в зависимости от устойчивости замедления инфляции, динамики инфляционных ожиданий, а также от оценки рисков со стороны внутренних и внешних условий.",https://www.cbr.ru/press/pr/?file=19062026_133000key.htm
2026-07-24,14.0,14.25,-25,down,4980,656,"Банк России будет принимать дальнейшие решения по ключевой ставке в зависимости от динамики инфляции и инфляционных ожиданий, а также от оценки рисков со стороны внутренних и внешних условий.",https://www.cbr.ru/press/pr/?file=24072026_133000key.htm
